gender,age,sum_salary,avg_marks,max_marks,min_marks
Female,29,14419,58.85306122448979,99,20
Female,28,15217,59.44140625,99,20
Male,28,14664,61.61344537815126,99,20
Male,29,15797,60.524904214559385,99,20
